Município - UF;COD mun
Caetanos - BA;2905156
Durande - MG;3123528
Sao Jose do Herval - RS;4318465
Santo Antonio do Sudoeste - PR;4124400
Ivatuba - PR;4111605
Sao Caitano - PE;2613107
Balneario Pinhal - RS;4301636
Hidrolina - GO;5209804
Vista Serrana - PB;2505501
Quinta do Sol - PR;4121109
Tufilandia - MA;2112274
Novo Planalto - GO;5215256
Igreja Nova - AL;2703205
Bom Principio - RS;4302352
Sinop - MT;5107909
Tenente Laurentino Cruz - RN;2414159
Barra Mansa - RJ;3300407
Girua - RS;4309001
Curitibanos - SC;4204806
Dom Joaquim - MG;3122603
Vila Langaro - RS;4323358
Godoy Moreira - PR;4108551
Cruz das Almas - BA;2909802
Goianinha - RN;2404200
Castelo do Piaui - PI;2202604
Lamarao - BA;2919108
Amajari - RR;1400027
Estrela d'Oeste - SP;3515202
Aracuai - MG;3103405
Balneario Picarras - SC;4212809
Campina das Missoes - RS;4303707
Moreira Sales - PR;4116109
Miracatu - SP;3529906
Pouso Alegre - MG;3152501
Silvanopolis - TO;1720655
Vargem Bonita - MG;3170602
Sao Joao do Paraiso - MG;3162708
Serra dos Aimores - MG;3166709
Francisco Macedo - PI;2204154
Santa Rosa - RS;4317202
Frutal - MG;3127107
Jumirim - SP;3525854
Tarabai - SP;3553906
Uruara - PA;1508159
Novo Xingu - RS;4313466
Joia - RS;4311155
Fernandopolis - SP;3515509
Mateus Leme - MG;3140704
Ametista do Sul - RS;4300646
Torre de Pedra - SP;3554656
Serrana - SP;3551504
Morungaba - SP;3532009
Capela Nova - MG;3112208
Santa Leopoldina - ES;3204500
Itapeva - SP;3522406
Chui - RS;4305439
Ribeira do Amparo - BA;2926509
Jaguari - RS;4311106
Cachoeira de Pajeu - MG;3102704
Sao Joao do Manhuacu - MG;3162559
Itabaianinha - SE;2803005
Campo Maior - PI;2202208
Sao Joao do Caru - MA;2111029
Sao Raimundo Nonato - PI;2210607
Morrinhos - CE;2308906
Oleo - SP;3533809
Jardim Olinda - PR;4112603
Paramoti - CE;2310407
Iramaia - BA;2914307
Sao Valerio do Sul - RS;4319737
Itambacuri - MG;3132701
Cachoeira Dourada - GO;5204250
Garca - SP;3516705
Lagoa Nova - RN;2406502
Caninde - CE;2302800
Iguaba Grande - RJ;3301876
Pedro do Rosario - MA;2108256
Matozinhos - MG;3141108
Veredinha - MG;3171071
Florania - RN;2403806
Caraubas - RN;2402303
Perolandia - GO;5216452
Bom Jesus do Galho - MG;3107802
Santa Luzia - MA;2110005
Barroquinha - CE;2302057
Pianco - PB;2511301
Ubarana - SP;3555356
Jesuania - MG;3135902
Confins - MG;3117876
Pedrinhas - SE;2805109
Campo Bom - RS;4303905
Olho dAgua das Flores - AL;2705705
Ronda Alta - RS;4316105
Bela Vista do Toldo - SC;4202131
Sao Luis do Paraitinga - SP;3550001
Baldim - MG;3105004
Divinopolis de Goias - GO;5208301
Jussara - PR;4113007
Teresina - PI;2211001
Pau dArco do Piaui - PI;2207793
Santa Helena - PB;2513307
Santana do Cariri - CE;2312106
Pilar do Sul - SP;3537909
Pratania - SP;3541059
Porto Feliz - SP;3540606
Barra da Estiva - BA;2902807
Irituia - PA;1503507
Parintins - AM;1303403
Sede Nova - RS;4320230
Goianorte - TO;1708304
Machadinho do Oeste - RO;1100130
Irajuba - BA;2914208
Rio Preto - MG;3155900
Sao Sebastiao de Lagoa de Roca - PB;2515104
Novo Cruzeiro - MG;3145307
Ibiai - MG;3129608
Sumare - SP;3552403
Erebango - RS;4306973
Sobradinho - BA;2930774
Floreal - SP;3515905
Entre Rios de Minas - MG;3123908
Buriti Alegre - GO;5203906
Divinolandia de Minas - MG;3122207
Sao Pedro da Agua Branca - MA;2111532
Brasil Novo - PA;1501725
Monte Castelo - SP;3531605
Eldorado - SP;3514809
Joaquim Tavora - PR;4112801
Tomar do Geru - SE;2807501
Bom Progresso - RS;4302378
Miguel Alves - PI;2206209
Quixabeira - BA;2925931
Serra do Salitre - MG;3166808
Porteiras - CE;2311108
Abre Campo - MG;3100302
Feira Nova do Maranhao - MA;2104073
Altamira do Maranhao - MA;2100402
Itajobi - SP;3521903
Xavantina - SC;4219606
Independencia - CE;2305605
Guaratingueta - SP;3518404
Arinos - MG;3104502
Itaucu - GO;5211404
Pirapora - MG;3151206
Esplanada - BA;2910602
Palmeira - SC;4212056
Centro Novo do Maranhao - MA;2103174
Sobral - CE;2312908
Fontoura Xavier - RS;4308300
Palmares do Sul - RS;4313656
Nova America - GO;5214705
Sitio Novo - RN;2413706
Wenceslau Guimaraes - BA;2933505
Alta Floresta dOeste - RO;1100015
Pindoretama - CE;2310852
Cha Grande - PE;2604502
Sao Roberto - MA;2111672
Conceicao de Ipanema - MG;3117405
Oeiras do Para - PA;1505205
Mage - RJ;3302502
Lupercio - SP;3527801
Acopiara - CE;2300309
Cachoeira do Piria - PA;1501956
Getulio Vargas - RS;4308904
Sao Jeronimo da Serra - PR;4124707
Arari - MA;2101004
Cafezal do Sul - PR;4103479
Alto Horizonte - GO;5200555
Bom Conselho - PE;2602100
Bento de Abreu - SP;3506201
Luis Gomes - RN;2407005
Pingo-d'Agua - MG;3150539
Viradouro - SP;3556800
Araujos - MG;3103900
Santo Antonio do Monte - MG;3160405
Serra Negra - SP;3551603
Luzerna - SC;4210035
Lagoa da Anta - RN;2406205
Bom Lugar - MA;2102077
Itau de Minas - MG;3133758
Pinheiro Machado - RS;4314506
Sao Bento do Norte - RN;2411601
Ocaucu - SP;3533700
Aguiar - PB;2500205
Ourem - PA;1505403
Nova Cruz - RN;2408300
Jacarei - SP;3524402
Pancas - ES;3204005
Sao Luis do Quitunde - AL;2708501
Caraubas - PB;2504074
Carnaubeira da Penha - PE;2603926
Florestopolis - PR;4108007
Carmo do Rio Claro - MG;3114402
Ibirama - SC;4206900
Francisco Alves - PR;4108320
Duere - TO;1707306
Caete - MG;3110004
Borba - AM;1300805
Orizona - GO;5215306
Guaxupe - MG;3128709
Jequia da Praia - AL;2703759
Palestina - AL;2706208
Itapecuru Mirim - MA;2105401
Trombudo Central - SC;4218608
Ipu - CE;2305803
Montadas - PB;2509503
Alexandria - RN;2400505
Pedro Regis - PB;2512721
Coqueiral - MG;3118700
Jussara - BA;2918506
Alto Garcas - MT;5100409
Iomere - SC;4207577
Acucena - MG;3100500
Minador do Negrao - AL;2705309
Pombos - PE;2611309
Nova Iorque - MA;2107308
Terra Alta - PA;1507961
Sao Jose do Xingu - MT;5107354
Barra do Ouro - TO;1703073
Nazario - GO;5214408
Linhares - ES;3203205
Alvorada dOeste - RO;1100346
Lago do Junco - MA;2105807
Calmon - SC;4203154
Senador Jose Porfirio - PA;1507805
Santo Antonio do Grama - MG;3160108
Monte Belo do Sul - RS;4312385
Formigueiro - RS;4308409
Ascurra - SC;4201703
Ibitita - BA;2913101
Timbiras - MA;2112100
Marinopolis - SP;3529104
Figueiropolis dOeste - MT;5103809
Teolandia - BA;2931608
Fernando de Noronha - PE;2605459
Pedro Afonso - TO;1716505
Senges - PR;4126306
Nova Mamore - RO;1100338
Novo Horizonte do Oeste - RO;1100502
Paripiranga - BA;2923803
Mirador - PR;4115903
Pontes e Lacerda - MT;5106752
Capixaba - AC;1200179
Candiota - RS;4304358
Ciriaco - RS;4305504
Vila Velha - ES;3205200
Mucurici - ES;3203601
Marilena - PR;4115002
Belem - PA;1501402
Pirapozinho - SP;3539202
Capim Branco - MG;3112505
Lambari dOeste - MT;5105234
Aurea - RS;4301552
Sao Jose do Calcado - ES;3204807
Nova Resende - MG;3145109
Itarema - CE;2306553
Jaguaribara - CE;2306801
Sao Jose do Goiabal - MG;3163409
Contenda - PR;4106209
Curuca - PA;1502905
Rosario do Catete - SE;2806107
Conceicao do Jacuipe - BA;2908507
Holambra - SP;3519055
Santa Maria do Cambuca - PE;2612703
Lambari d'Oeste - MT;5105234
Doutor Severiano - RN;2403202
Minas do Leao - RS;4312252
Corguinho - MS;5003108
Sapucaia do Sul - RS;4320008
Taquarana - AL;2709103
Itaberaba - BA;2914703
Loreto - MA;2106102
Campina do Monte Alegre - SP;3509452
Maceio - AL;2704302
Santa Ines - PR;4123600
Acailandia - MA;2100055
Saboeiro - CE;2311900
Guarani do Oeste - SP;3518008
Pinhais - PR;4119152
Varzea da Palma - MG;3170800
Goiandira - GO;5208509
Cerro Grande - RS;4305157
Queimadas - PB;2512507
Simolandia - GO;5220686
Gramado Xavier - RS;4309159
Ipuacu - SC;4207684
Bodoco - PE;2602001
Nicolau Vergueiro - RS;4312674
Bossoroca - RS;4302501
Chapadao do Lageado - SC;4204194
Japora - MS;5004809
Sao Miguel do Gostoso - RN;2412559
Vargem - SC;4219150
Tucuma - PA;1508084
Viadutos - RS;4322905
Jabora - SC;4208609
Maravilha - AL;2704609
Guarani - MG;3128402
Tururu - CE;2313559
Cariri do Tocantins - TO;1703867
Otacilio Costa - SC;4211751
Hidrolandia - CE;2305209
Patrocinio Paulista - SP;3536307
Joao Lisboa - MA;2105500
Gabriel Monteiro - SP;3516507
Leopolis - PR;4113403
Espumoso - RS;4307500
Patos - PB;2510808
Muniz Ferreira - BA;2922201
Mossamedes - GO;5213905
Buritama - SP;3508108
Aguas da Prata - SP;3500402
Sapezal - MT;5107875
Heliodora - MG;3129202
Ilhabela - SP;3520400
Mombaca - CE;2308500
Roque Gonzales - RS;4316303
Figueirao - MS;5003900
Camargo - RS;4303558
Paracatu - MG;3147006
Sao Gabriel do Oeste - MS;5007695
Ibiapina - CE;2305308
Colorado - RS;4305603
Quarai - RS;4315305
Solonopole - CE;2313005
Guarabira - PB;2506301
Novo Cabrais - RS;4313391
Pindoba - AL;2707008
Pauini - AM;1303502
Pedras de Maria da Cruz - MG;3149150
Carmo da Cachoeira - MG;3113909
Cachoeira - BA;2904902
Tiangua - CE;2313401
Ipixuna - AM;1301803
Placido de Castro - AC;1200385
Pacajus - CE;2309607
Santana - AP;1600600
Bertioga - SP;3506359
Taquaracu de Minas - MG;3168309
Brumadinho - MG;3109006
Manoel Emidio - PI;2205904
Mira Estrela - SP;3530003
Aragarcas - GO;5201702
Muricilandia - TO;1713957
Brejo dos Santos - PB;2502904
Itauba - MT;5104559
Arceburgo - MG;3104106
Guaraciaba do Norte - CE;2305001
Itapora - MS;5004502
Maraial - PE;2609204
Bebedouro - SP;3506102
Moncoes - SP;3531001
Nova Serrana - MG;3145208
Candeias - BA;2906501
Mozarlandia - GO;5214002
Marilac - MG;3140100
Paiva - MG;3146602
Nova Brasilandia d'Oeste - RO;1100148
Sao Jose da Tapera - AL;2708402
Itamarati - AM;1301951
Coronel Xavier Chaves - MG;3119708
Amaral Ferrador - RS;4300638
Pureza - RN;2410405
Guaraciaba - MG;3128204
Santa Cecilia do Pavao - PR;4123204
Maquine - RS;4311775
Monsenhor Tabosa - CE;2308609
Santa Clara dOeste - SP;3546108
Sao Vicente - SP;3551009
Reginopolis - SP;3542503
Landri Sales - PI;2205607
Caconde - SP;3508702
Serra de Sao Bento - RN;2413300
Angical do Piaui - PI;2200608
Ipanema - MG;3131208
Anhumas - SP;3502408
Paramirim - BA;2923605
Exu - PE;2605301
Fronteira - MG;3127008
Carmopolis - SE;2801504
Guiricema - MG;3129004
Condor - RS;4305702
Mata Grande - AL;2705002
Agua Limpa - GO;5200209
Deodapolis - MS;5003454
Rodrigues Alves - AC;1200427
Cosmorama - SP;3512902
Rio do Prado - MG;3155108
Cabaceiras do Paraguacu - BA;2904852
Porto Real - RJ;3304110
Sao Sebastiao do Paraiso - MG;3164704
Propria - SE;2805703
Rio Maria - PA;1506161
Santa Cruz do Piaui - PI;2209104
Esperanca - PB;2506004
Angelim - PE;2601003
Teixeira de Freitas - BA;2931350
Itaporanga - SP;3522802
Constantina - RS;4305801
Montes Claros - MG;3143302
Lins - SP;3527108
Bras Pires - MG;3108701
Cordeiro - RJ;3301504
Nina Rodrigues - MA;2107209
Jari - RS;4311130
Varzea - PB;2517100
Lagoa dAnta - RN;2406205
Xanxere - SC;4219507
Divino das Laranjeiras - MG;3122108
Barra Bonita - SC;4202099
Pirajui - SP;3538907
Fortaleza dos Valos - RS;4308458
Maria da Fe - MG;3139904
Santo Antonio de Goias - GO;5219738
Montanhas - RN;2407708
Mario Campos - MG;3140159
Bom Jesus do Tocantins - TO;1703305
Frei Inocencio - MG;3126901
Bela Vista de Goias - GO;5203302
Montalvania - MG;3142700
Bonopolis - GO;5203575
Presidente Dutra - MA;2109106
Santa Barbara do Oeste - SP;3545803
Sao Jose - SC;4216602
Nova Tebas - PR;4117271
Pedreira - SP;3537107
Bocaina - SP;3506805
Igaratinga - MG;3130200
Gameleira - PE;2605905
Pindorama do Tocantins - TO;1717008
Sao Joao da Alianca - GO;5220009
Sao Jose do Barreiro - SP;3549607
Campo Redondo - RN;2402105
Massape - CE;2308005
Paraiso - SC;4212239
Entre Rios - BA;2910503
Doutor Mauricio Cardoso - RS;4306734
Umburatiba - MG;3170305
Vieiropolis - PB;2517209
Luzinopolis - TO;1712454
Presidente Getulio - SC;4214003
Nisia Floresta - RN;2408201
Ouricuri - PE;2609907
Bernardino de Campos - SP;3506300
Xambre - PR;4128807
Carmo do Rio Verde - GO;5205000
Encruzilhada do Sul - RS;4306908
Itapecerica da Serra - SP;3522208
Faxinal do Soturno - RS;4308003
Caatiba - BA;2904803
Garrafao do Norte - PA;1503077
Aragominas - TO;1701309
Candelaria - RS;4304200
Santo Antonio da Platina - PR;4124103
Miguel Calmon - BA;2921203
Terra Nova do Norte - MT;5108055
Igarassu - PE;2606804
Chorrocho - BA;2907707
Sao Jose da Safira - MG;3163003
Bom Jesus dos Perdoes - SP;3507100
Sao Joao das Missoes - MG;3162450
Ipaporanga - CE;2305654
Ibiracu - ES;3202504
Marilandia - ES;3203353
Piraju - SP;3538808
Salto de Pirapora - SP;3545308
Erval Grande - RS;4307203
Ibiuna - SP;3519709
Capivari de Baixo - SC;4203956
Lontra - MG;3138658
Luislandia - MG;3138682
Divisopolis - MG;3122454
Tacaimbo - PE;2614709
Ceres - GO;5205406
Tapera - RS;4321006
General Carneiro - PR;4108502
Ribeira - SP;3542800
Amontada - CE;2300754
Passos - MG;3147907
Capinzal - SC;4203907
Campo Limpo de Goias - GO;5204854
Planalto da Serra - MT;5106455
Olho da Agua do Borges - RN;2408409
Ipecaeta - BA;2913804
Formosa do Oeste - PR;4108205
Nazare - TO;1714302
Cumaru do Norte - PA;1502764
Coari - AM;1301209
Teresopolis - RJ;3305802
Iconha - ES;3202603
Congonhas - MG;3118007
Ermo - SC;4205191
Paracambi - RJ;3303609
Rio Formoso - PE;2611903
Antonina do Norte - CE;2300804
Caibate - RS;4303301
Patos do Piaui - PI;2207777
Ponto Belo - ES;3204252
Embu-Guacu - SP;3515103
Abreu e Lima - PE;2600054
Indiana - SP;3520608
Ibiaca - RS;4309803
Crucilandia - MG;3120607
Matinhas - PB;2509339
Jacutinga - MG;3134905
Itapetininga - SP;3522307
Pinhal de Sao Bento - PR;4119251
Nova Brasilandia - MT;5106208
Sao Jose da Vitoria - BA;2929354
Sao Francisco - SE;2806909
Guarai - TO;1709302
Santa Luzia do Parua - MA;2110039
Olimpia - SP;3533908
Santa Lucia - PR;4123824
Nova Esperanca - PR;4116901
Entre Rios do Oeste - PR;4107538
Rio Branco do Ivai - PR;4122172
Goiana - MG;3127388
Pau Brasil - BA;2923902
Sao Joao do Jaguaribe - CE;2312502
Sao Jose de Uba - RJ;3305133
Santo Antonio do Jacinto - MG;3160306
Campo Alegre do Fidalgo - PI;2202117
Tarumirim - MG;3168408
Coracao de Maria - BA;2908903
Boa Esperanca - PR;4103008
Nova Era - MG;3144706
Ponto Chique - MG;3152131
Itabera - SP;3521705
Iati - PE;2606507
Raposos - MG;3153905
Tres Coracoes - MG;3169307
Sao Jose da Lapa - MG;3162955
Coracao de Jesus - MG;3118809
Major Gercino - SC;4210209
Nova Santa Helena - MT;5106190
Estrela - RS;4307807
Sao Jose do Sabugi - PB;2514701
Jaiba - MG;3135050
Serra Alta - SC;4217550
Palmeira das Missoes - RS;4313706
Boituva - SP;3507001
Parauna - GO;5216403
Santo Antonio dos Lopes - MA;2110302
Olivedos - PB;2510501
Agua Nova - RN;2400406
Turvo - SC;4218806
Alto Paraiso - PR;4128625
Sao Domingos do Araguaia - PA;1507151
Simao Pereira - MG;3167509
Italva - RJ;3302056
Sao Sebastiao da Amoreira - PR;4126009
Caetanopolis - MG;3109907
Joselandia - MA;2105609
Duas Barras - RJ;3301603
Choro - CE;2303931
Itajuba - MG;3132404
Bom Jesus do Itabapoana - RJ;3300605
Pau da Arco do Piaui - PI;2207793
Sao Joao - PR;4124806
Corumba de Goias - GO;5205802
Alto Paraguai - MT;5100508
Monte Alegre do Sul - SP;3531209
Fonte Boa - AM;1301605
Sao Francisco de Sales - MG;3161304
Campo Alegre de Goias - GO;5204805
Americo de Campos - SP;3501806
Sao Goncalo do Abaete - MG;3161700
Presidente Bernardes - MG;3153103
Queiroz - SP;3541802
Bauru - SP;3506003
Sao Geraldo da Piedade - MG;3161601
Cruzmaltina - PR;4106852
Sao Goncalo do Amarante - CE;2312403
Marzagao - GO;5212907
Tangara da Serra - MT;5107958
Pacaraima - RR;1400456
Charrua - RS;4305371
Limoeiro do Norte - CE;2307601
Calumbi - PE;2603405
Senador la Rocque - MA;2111763
Areial - PB;2501203
Planalto - RS;4314704
Querencia do Norte - PR;4121000
Presidente Sarney - MA;2109270
Iepe - SP;3519907
Umburanas - BA;2932457
Couto de Magalhaes - TO;1706001
Luminarias - MG;3138708
Queimados - RJ;3304144
Carangola - MG;3113305
Serra do Navio - AP;1600055
Celso Ramos - SC;4204152
Passabem - MG;3147501
Patrocinio do Muriae - MG;3148202
Liberdade - MG;3138500
Cabeceira Grande - MG;3109451
Verissimo - MG;3171105
Nova Esperanca do Sul - RS;4313037
Colinas - RS;4305587
Brejo do Piaui - PI;2201988
Treviso - SC;4218350
Gloria do Goita - PE;2606101
Teixeira - PB;2516706
Rubelita - MG;3156502
Pirpirituba - PB;2511806
Dirceu Arcoverde - PI;2203354
Cachoeira da Prata - MG;3109600
Sao Lourenco da Serra - SP;3549953
Jacobina do Piaui - PI;2205151
Nova Xavantina - MT;5106257
Bom Jesus - PI;2201903
Cocalinho - MT;5103106
Delta - MG;3121258
Alcantil - PB;2500536
Lagoa Formosa - MG;3137502
Jaguapita - PR;4111902
Brochier - RS;4302659
Barra do Ribeiro - RS;4301909
Quixada - CE;2311306
Augustinopolis - TO;1702554
Dom Bosco - MG;3122470
Mulungu - CE;2309102
Remanso - BA;2926004
Sao Juliao - PI;2210300
Muriae - MG;3143906
Colatina - ES;3201506
Itapora do Tocantins - TO;1711100
Nova Prata do Iguacu - PR;4117255
Bujaru - PA;1501907
Nova Bandeirantes - MT;5106158
Timbo Grande - SC;4218251
Pirauba - MG;3151305
Marapanim - PA;1504406
Sao Bernardo do Campo - SP;3548708
Cristalina - GO;5206206
Sao Raimundo das Mangabeiras - MA;2111607
Ribeirao Grande - SP;3543253
Urubici - SC;4218905
Guaratinga - BA;2911808
Guacui - ES;3202306
Sao Vicente de Minas - MG;3165305
Felicio dos Santos - MG;3125408
Serra do Mel - RN;2413359
Assis Brasil - AC;1200054
Sao Domingos - SC;4216107
Mucambo - CE;2309003
Joaquim Nabuco - PE;2608206
Sao Benedito do Rio Preto - MA;2110401
Bacabeira - MA;2101251
Itanhomi - MG;3133204
Brasnorte - MT;5101902
Sao Carlos - SP;3548906
Mateiros - TO;1712702
Vicosa - MG;3171303
Videira - SC;4219309
Novo Oriente - CE;2309409
Parazinho - RN;2408805
Belterra - PA;1501451
Sericita - MG;3166303
Benjamin Constant do Sul - RS;4302055
Araguacu - TO;1702000
Lagoa do Ouro - PE;2608602
Descoberto - MG;3121308
Paranapanema - SP;3535804
Marechal Candido Rondon - PR;4114609
Montes Claros de Goias - GO;5213707
Touros - RN;2414407
Rondon do Para - PA;1506187
Alto Rio Doce - MG;3102100
Euclides da Cunha - BA;2910701
Itatiba do Sul - RS;4310702
Coxixola - PB;2504850
Sao Miguel do Tocantins - TO;1720200
Adrianopolis - PR;4100202
Carmo do Paranaiba - MG;3114303
Presidente Castelo Branco - PR;4120408
Fortaleza do Tabocao - TO;1708254
Rio Quente - GO;5218789
Mormaco - RS;4312427
Pedra - PE;2610806
Santa Rita de Minas - MG;3159357
Jordao - AC;1200328
Ruropolis - PA;1506195
Barreiras do Piaui - PI;2201309
Riachuelo - RN;2410900
Bocaina de Minas - MG;3107208
Itacoatiara - AM;1301902
Paula Freitas - PR;4118600
Cajobi - SP;3509304
Dirce Reis - SP;3513850
Porto Rico - PR;4120200
Bataguassu - MS;5001904
Pium - TO;1717503
Itagiba - BA;2915205
Pinhalzinho - SC;4212908
Medianeira - PR;4115804
Gaviao - BA;2911253
Porto do Mangue - RN;2410256
Dom Pedrito - RS;4306601
Fortaleza de Minas - MG;3126307
Nacip Raydan - MG;3144201
Itaja - GO;5210802
Barra do Corda - MA;2101608
Gurupa - PA;1503101
Jeceaba - MG;3135407
Pedra Branca do Amapari - AP;1600154
Santa Barbara do Monte Verde - MG;3157278
Campo Grande do Piaui - PI;2202133
Aurora - SC;4201901
Jacuipe - AL;2703502
Santa Barbara do Sul - RS;4316709
Balneario Gaivota - SC;4202073
Varzea Grande - MT;5108402
Santa Rita do Oeste - SP;3547403
Americana - SP;3501608
Sombrio - SC;4217709
Cantanhede - MA;2102705
Sao Joao dAlianca - GO;5220009
Sertaozinho - SP;3551702
Capitao Leonidas Marques - PR;4104600
Caiua - SP;3509106
Senador Guiomard - AC;1200450
Sao Sebastiao do Cai - RS;4319505
Presidente Alves - SP;3541109
Sao Carlos - SC;4216008
Bela Vista - MS;5002100
Campo Belo do Sul - SC;4203402
Barauna - PB;2501534
Bugre - MG;3109253
Divinesia - MG;3121902
Virgolandia - MG;3171907
Lajes - RN;2406700
Agua Branca - AL;2700102
Coroata - MA;2103604
Vitoria do Mearim - MA;2112902
Sao Jose do Norte - RS;4318507
Taperoa - PB;2516508
Aracatu - BA;2902005
Soledade - PB;2516102
Irati - SC;4207858
Coruripe - AL;2702306
Caxias - MA;2103000
Barra Funda - RS;4301958
Mesquita - RJ;3302858
Santa Rosa de Goias - GO;5219506
Coluna - MG;3116803
Paulo Frontin - PR;4118709
Novo Acordo - TO;1715101
Palhano - CE;2310001
Sao Jose de Princesa - PB;2514552
Estancia - SE;2802106
Tapira - MG;3168101
Tupa - SP;3555000
Moraujo - CE;2308807
Sao Pedro da Aldeia - RJ;3305208
Serra da Saudade - MG;3166600
Sao Mateus do Sul - PR;4125605
Corupa - SC;4204509
Cotriguacu - MT;5103379
Catende - PE;2604205
Governador Lindenberg - ES;3202256
Conego Marinho - MG;3117836
Baixa Grande - BA;2902609
Monteiro - PB;2509701
Mara Rosa - GO;5212808
Taguatinga - TO;1720903
Anhembi - SP;3502309
Paulo Ramos - MA;2108108
Bom Jesus do Amparo - MG;3107703
Tangua - RJ;3305752
Manga - MG;3139300
Independencia - RS;4310405
Jacinto - MG;3134707
Sao Joao del Rei - MG;3162500
Agua Fria de Goias - GO;5200175
Iguaracu - PR;4110003
Terra Nova - PE;2615201
Rochedo de Minas - MG;3156205
Sao Vendelino - RS;4319752
Cachoeira de Goias - GO;5204201
Machados - PE;2609105
Antonio Prado - RS;4300802
Tupiratins - TO;1721307
Fazenda Vilanova - RS;4308078
Mangaratiba - RJ;3302601
Edeia - GO;5207402
Una - BA;2932507
Itaituba - PA;1503606
Lencois - BA;2919306
Cachoeirinha - TO;1703826
Leopoldo de Bulhoes - GO;5212303
Santa Rosa de Viterbo - SP;3547601
Santana do Manhuacu - MG;3158904
Candeias - MG;3112000
Altinho - PE;2600807
Barra dos Coqueiros - SE;2800605
Sao Joao - PE;2613206
Boa Hora - PI;2201770
Olimpio Noronha - MG;3145505
Santo Antonio do Aventureiro - MG;3160009
Itatuba - PB;2507200
Silveirania - MG;3167301
Itirucu - BA;2916906
Santa Luzia d'Oeste - RO;1100296
Comercinho - MG;3117009
Barro Duro - PI;2201408
Bananal - SP;3504909
Japaratuba - SE;2803302
Tangara - SC;4217907
Oliveira dos Brejinhos - BA;2923209
Votorantim - SP;3557006
Palmeirais - PI;2207504
Zortea - SC;4219853
Dom Feliciano - RS;4306502
Morro da Garca - MG;3143609
Itapiuna - CE;2306504
Milagres - BA;2921302
Wall Ferraz - PI;2211704
Palmeiras de Goias - GO;5215702
Guatambu - SC;4206652
Uirauna - PB;2516904
Guarapuava - PR;4109401
Coronel Martins - SC;4204459
Perola - PR;4118907
Ceu Azul - PR;4105300
Marianopolis do Tocantins - TO;1712504
Sao Martinho - RS;4319109
Alterosa - MG;3102001
Inhumas - GO;5210000
Varjao de Minas - MG;3170750
Eugenopolis - MG;3124906
Sao Geraldo do Araguaia - PA;1507458
Piacatu - SP;3537701
Bonfinopolis de Minas - MG;3108206
Paraguacu - MG;3147204
Sao Jose do Sul - RS;4318614
Barra de Santa Rosa - PB;2501609
Agronomica - SC;4200309
Conceicao do Rio Verde - MG;3117702
Ilha Solteira - SP;3520442
Aguas Mornas - SC;4200606
Brejetuba - ES;3201159
Amparo de Sao Francisco - SE;2800100
Jequitai - MG;3135605
Nortelandia - MT;5106000
Sao Miguel das Matas - BA;2929404
Buenos Aires - PE;2602704
Petrolandia - PE;2611002
Vila Bela da Santissima Trindade - MT;5105507
Delmiro Gouveia - AL;2702405
Mesopolis - SP;3529658
Guamiranga - PR;4108957
Pouso Redondo - SC;4213708
Miranda - MS;5005608
Guarda-Mor - MG;3128600
Frecheirinha - CE;2304509
Trabiju - SP;3554755
Palmeira d'Oeste - SP;3535200
Lapa - PR;4113205
Cajueiro - AL;2701308
Silvianopolis - MG;3167400
Santa Barbara do Tugurio - MG;3157302
Porto Belo - SC;4213500
Sao Joao do Arraial - PI;2209971
Lagoa Alegre - PI;2205557
Rio Verde de Mato Grosso - MS;5007406
Campo do Brito - SE;2801009
Rio do Campo - SC;4214508
Jose de Freitas - PI;2205508
Mirassol - SP;3530300
Campo Grande - AL;2701506
Montenegro - RS;4312401
Formosa da Serra Negra - MA;2104099
Nantes - SP;3532157
Matias Olimpio - PI;2206100
Porto Vera Cruz - RS;4315073
Nova Aurora - PR;4116703
Capinopolis - MG;3112604
Colombia - SP;3512100
Dormentes - PE;2605152
Paranaiba - MS;5006309
Pau d'Arco - TO;1716307
Campos Altos - MG;3111507
Saltinho - SP;3545159
Cambara - PR;4103602
Peritoro - MA;2108454
Itaiopolis - SC;4208104
Telemaco Borba - PR;4127106
Pitangui - MG;3151404
Rio Bom - PR;4122107
Espigao dOeste - RO;1100098
Bom Jesus do Sul - PR;4103156
Salete - SC;4215307
Antonio Martins - RN;2400901
Pau dos Ferros - RN;2409407
Santa Rita do Araguaia - GO;5219407
Jauru - MT;5105002
Anastacio - MS;5000708
Marcelino Vieira - RN;2407302
Sao Joao da Lagoa - MG;3162252
Leoberto Leal - SC;4209805
Recreio - MG;3154101
Boa Viagem - CE;2302404
Cabralia Paulista - SP;3508306
Mirandopolis - SP;3530102
Sertaneja - PR;4126405
Santo Antonio do Ica - AM;1303700
Itaju - SP;3522000
Lagoa Salgada - RN;2406601
Sao Lourenco do Sul - RS;4318804
Baia da Traicao - PB;2501401
Governador Jorge Teixeira - RO;1101005
Igarape - MG;3130101
Nova Olinda do Maranhao - MA;2107357
Figueiropolis - TO;1707652
Lauro de Freitas - BA;2919207
Agudos do Sul - PR;4100301
Castilho - SP;3511003
Paverama - RS;4314159
Maribondo - AL;2704807
Palmital - SP;3535309
Moncao - MA;2106904
Sao Joao do Sul - SC;4216404
Sao Joao do Ivai - PR;4125001
Vila Boa - GO;5222203
Jacinto Machado - SC;4208708
Marquinho - PR;4115457
Itaipe - MG;3132305
Presidente Juscelino - MA;2109205
Marilia - SP;3529005
Tuntum - MA;2112308
Aiquara - BA;2900603
Anadia - AL;2700201
Pedro Teixeira - MG;3149408
Estreito - MA;2104057
Maracana - PA;1504307
Morrinhos - GO;5213806
Carinhanha - BA;2907103
Colonia do Gurgueia - PI;2202752
Santa Margarida do Sul - RS;4316972
Palmeira dOeste - SP;3535200
Cuite de Mamanguape - PB;2505238
Bonfinopolis - GO;5203559
Potengi - CE;2311207
Analandia - SP;3502002
Manari - PE;2609154
Sao Jose do Hortencio - RS;4318481
Sao Joao Nepomuceno - MG;3162906
Senador Jose Bento - MG;3165800
Tapurah - MT;5108006
Comendador Levy Gasparian - RJ;3300951
Dois Irmaos do Tocantins - TO;1707207
Barao de Antonina - SP;3505005
Sape - PB;2515302
Coroaci - MG;3119203
Osvaldo Cruz - SP;3534609
Sao Miguel do Passa Quatro - GO;5220264
Canhotinho - PE;2603702
Carutapera - MA;2102903
Lavras do Sul - RS;4311502
Ipueiras - CE;2305902
Sao Joao da Serra - PI;2209906
Fatima do Sul - MS;5003801
Formiga - MG;3126109
Nossa Senhora das Gracas - PR;4116406
Palestina do Para - PA;1505494
Santa Rita - PB;2513703
Ribeirao Claro - PR;4121802
Licinio de Almeida - BA;2919405
Encanto - RN;2403301
Progresso - RS;4315156
Dom Inocencio - PI;2203453
Jordania - MG;3136504
Dracena - SP;3514403
Sao Jose do Ouro - RS;4318606
Guarani dOeste - SP;3518008
Itanhandu - MG;3133105
Paraiso - SP;3535705
Extremoz - RN;2403608
Ribeiro Goncalves - PI;2208908
Embauba - SP;3514957
Monte Carlo - SC;4211058
Sao Pedro do Iguacu - PR;4125753
Mogi das Cruzes - SP;3530607
Condado - PE;2604601
Beruri - AM;1300631
Santo Antonio do Planalto - RS;4317756
Amarante do Maranhao - MA;2100600
Arroio dos Ratos - RS;4301107
Desterro de Entre Rios - MG;3121407
Cassilandia - MS;5002902
Quatigua - PR;4120705
Itanagra - BA;2915908
Alta Floresta - MT;5100250
Tejucuoca - CE;2313351
Florai - PR;4107801
Macarani - BA;2919702
Paranaiguara - GO;5216304
Santa Isabel do Rio Negro - AM;1303601
Anori - AM;1300102
Quixere - CE;2311504
Aparecida do Taboado - MS;5001003
Bom Jesus da Penha - MG;3107604
Entre Rios - SC;4205175
Faina - GO;5207535
Lindolfo Collor - RS;4311627
Armazem - SC;4201505
Conceicao das Pedras - MG;3117207
Matao - SP;3529302
Joao Monlevade - MG;3136207
Paripueira - AL;2706448
Nhamunda - AM;1303007
Jandaira - RN;2405108
Monte Alegre de Goias - GO;5213509
Pariquera-Acu - SP;3536208
Anajatuba - MA;2100709
Alagoa Grande - PB;2500304
Mar de Espanha - MG;3139805
Tamboril - CE;2313203
Ipiranga de Goias - GO;5210158
Santa Cruz de Goias - GO;5219209
Pompeia - SP;3540002
Lassance - MG;3138104
Caem - BA;2905107
Itinga - MG;3134004
Urutai - GO;5221809
Vicentina - MS;5008404
Guapore - RS;4309407
Marau - BA;2920700
Rancho Alegre dOeste - PR;4121356
Buerarema - BA;2904704
Grupiara - MG;3127909
Ervalia - MG;3124005
Crixas - GO;5206404
Estrela de Alagoas - AL;2702553
Campo Alegre - AL;2701407
Navirai - MS;5005707
Hidrolandia - GO;5209705
Soledade de Minas - MG;3167806
Uruburetama - CE;2313807
Manacapuru - AM;1302504
Ourilandia do Norte - PA;1505437
Juscimeira - MT;5105200
Nova Iguacu de Goias - GO;5214879
Charqueada - SP;3511706
Agrolandia - SC;4200200
Arame - MA;2100956
Campinorte - GO;5204706
Aracatuba - SP;3502804
Nova Esperanca do Piria - PA;1504950
Itambe - PR;4111100
Pedra Bonita - MG;3148756
Sao Fernando - RN;2411809
Rio das Flores - RJ;3304508
Passa Sete - RS;4314068
Barbalha - CE;2301901
Itagimirim - BA;2915304
Avare - SP;3504503
Curral de Cima - PB;2505279
Itinga do Maranhao - MA;2105427
Sao Joao da Mata - MG;3162302
Nova Alianca - SP;3532801
Varzea Grande - PI;2211407
Bela Cruz - CE;2302305
Santa Margarida - MG;3157906
Unai - MG;3170404
Nhandeara - SP;3532603
Sao Bento - MA;2110500
Nova Petropolis - RS;4313201
Dom Expedito Lopes - PI;2203404
Sao Joao da Urtiga - RS;4318424
Cordeiros - BA;2909000
Jupia - SC;4209177
Marema - SC;4210555
Pratinha - MG;3153004
Cosmopolis - SP;3512803
Pimenteiras - PI;2208106
Sao Pedro das Missoes - RS;4319364
Imbituva - PR;4110102
Joaquim Gomes - AL;2703809
Itabirito - MG;3131901
Diamantino - MT;5103502
Jacui - MG;3134806
Rio Grande da Serra - SP;3544103
Butia - RS;4302709
Gramado - RS;4309100
Aratuba - CE;2301406
Belo Jardim - PE;2601706
Assis Chateaubriand - PR;4102000
Urania - SP;3555802
Pedreiras - MA;2108207
Pinheiro - MA;2108603
Vitoria da Conquista - BA;2933307
Saudade do Iguacu - PR;4126272
Jardim do Serido - RN;2405702
Sao Miguel do Anta - MG;3163805
Lastro - PB;2508406
Descanso - SC;4204905
Tenente Portela - RS;4321402
Pedro Laurentino - PI;2207934
Turmalina - MG;3169703
Mirassol dOeste - MT;5105622
Santa Clara do Oeste - SP;3546108
Novais - SP;3533254
Cajuru - SP;3509403
Aracagi - PB;2500809
Araruna - PR;4101705
Jaicos - PI;2205201
Figueiropolis d'Oeste - MT;5103809
Registro - SP;3542602
Xique-Xique - BA;2933604
Vera Cruz - RS;4322707
Reduto - MG;3154150
Lajedo - PE;2608800
Areiopolis - SP;3503604
Santos Dumont - MG;3160702
Ataleia - MG;3104700
Formoso - GO;5208103
Diamantina - MG;3121605
Sao Lourenco do Piaui - PI;2210359
Pires do Rio - GO;5217401
Paraibano - MA;2107704
Sao Jose do Bonfim - PB;2514602
Caracol - PI;2202505
Tres Palmeiras - RS;4321857
Minacu - GO;5213087
Oroco - PE;2609808
Rio Verde - GO;5218805
Sao Bento do Una - PE;2613008
Uniao do Sul - MT;5108303
